"STATION","NAME","LATITUDE","LONGITUDE","ELEVATION","DATE","PRCP","TAVG","TMAX","TMIN"
"USW00094892","CHICAGO WEST CHICAGO DUPAGE AIRPORT, IL US","41.89641","-88.25119","228.3","2026-01-01","0.00","16","20","9"
"USW00094892","CHICAGO WEST CHICAGO DUPAGE AIRPORT, IL US","41.89641","-88.25119","228.3","2026-01-02","0.00","19","22","17"
"USW00094892","CHICAGO WEST CHICAGO DUPAGE AIRPORT, IL US","41.89641","-88.25119","228.3","2026-01-03","0.00","21","25","20"
"USW00094892","CHICAGO WEST CHICAGO DUPAGE AIRPORT, IL US","41.89641","-88.25119","228.3","2026-01-04","0.00","26","34","22"
"USW00094892","CHICAGO WEST CHICAGO DUPAGE AIRPORT, IL US","41.89641","-88.25119","228.3","2026-01-05","0.00","34","43","27"
"USW00094892","CHICAGO WEST CHICAGO DUPAGE AIRPORT, IL US","41.89641","-88.25119","228.3","2026-01-06","0.00","37","43","34"
"USW00094892","CHICAGO WEST CHICAGO DUPAGE AIRPORT, IL US","41.89641","-88.25119","228.3","2026-01-07","0.00","35","39","31"
"USW00094892","CHICAGO WEST CHICAGO DUPAGE AIRPORT, IL US","41.89641","-88.25119","228.3","2026-01-08","0.88","43","60","35"
"USW00094892","CHICAGO WEST CHICAGO DUPAGE AIRPORT, IL US","41.89641","-88.25119","228.3","2026-01-09","0.00","48","60","36"
"USW00094892","CHICAGO WEST CHICAGO DUPAGE AIRPORT, IL US","41.89641","-88.25119","228.3","2026-01-10","0.21","37","40","23"
"USW00094892","CHICAGO WEST CHICAGO DUPAGE AIRPORT, IL US","41.89641","-88.25119","228.3","2026-01-11","0.00","27","32","21"
"USW00094892","CHICAGO WEST CHICAGO DUPAGE AIRPORT, IL US","41.89641","-88.25119","228.3","2026-01-12","0.00","30","41","25"
"USW00094892","CHICAGO WEST CHICAGO DUPAGE AIRPORT, IL US","41.89641","-88.25119","228.3","2026-01-13","0.00","38","51","29"
"USW00094892","CHICAGO WEST CHICAGO DUPAGE AIRPORT, IL US","41.89641","-88.25119","228.3","2026-01-14","0.01","31","41","17"
"USW00094892","CHICAGO WEST CHICAGO DUPAGE AIRPORT, IL US","41.89641","-88.25119","228.3","2026-01-15","0.00","17","24","11"
"USW00094892","CHICAGO WEST CHICAGO DUPAGE AIRPORT, IL US","41.89641","-88.25119","228.3","2026-01-16","0.06","28","36","22"
"USW00094892","CHICAGO WEST CHICAGO DUPAGE AIRPORT, IL US","41.89641","-88.25119","228.3","2026-01-17","0.00","18","22","11"
"USW00094892","CHICAGO WEST CHICAGO DUPAGE AIRPORT, IL US","41.89641","-88.25119","228.3","2026-01-18","0.00","12","18","5"
"USW00094892","CHICAGO WEST CHICAGO DUPAGE AIRPORT, IL US","41.89641","-88.25119","228.3","2026-01-19","0.00","7","18","-2"
"USW00094892","CHICAGO WEST CHICAGO DUPAGE AIRPORT, IL US","41.89641","-88.25119","228.3","2026-01-20","0.00","7","25","-1"
"USW00094892","CHICAGO WEST CHICAGO DUPAGE AIRPORT, IL US","41.89641","-88.25119","228.3","2026-01-21","0.01","25","30","23"
"USW00094892","CHICAGO WEST CHICAGO DUPAGE AIRPORT, IL US","41.89641","-88.25119","228.3","2026-01-22","0.00","20","24","4"
"USW00094892","CHICAGO WEST CHICAGO DUPAGE AIRPORT, IL US","41.89641","-88.25119","228.3","2026-01-23","0.00","-3","4","-12"
"USW00094892","CHICAGO WEST CHICAGO DUPAGE AIRPORT, IL US","41.89641","-88.25119","228.3","2026-01-24","0.00","-5","5","-10"
"USW00094892","CHICAGO WEST CHICAGO DUPAGE AIRPORT, IL US","41.89641","-88.25119","228.3","2026-01-25","0.00","7","14","4"
"USW00094892","CHICAGO WEST CHICAGO DUPAGE AIRPORT, IL US","41.89641","-88.25119","228.3","2026-01-26","0.00",,"9","-3"
"USW00094892","CHICAGO WEST CHICAGO DUPAGE AIRPORT, IL US","41.89641","-88.25119","228.3","2026-01-27","0.00",,"14","2"
"USW00094892","CHICAGO WEST CHICAGO DUPAGE AIRPORT, IL US","41.89641","-88.25119","228.3","2026-01-28","0.00",,"17","-2"
"USW00094892","CHICAGO WEST CHICAGO DUPAGE AIRPORT, IL US","41.89641","-88.25119","228.3","2026-01-29","0.00",,"16","0"
"USW00094892","CHICAGO WEST CHICAGO DUPAGE AIRPORT, IL US","41.89641","-88.25119","228.3","2026-01-30","0.00",,"19","-2"
"USW00094892","CHICAGO WEST CHICAGO DUPAGE AIRPORT, IL US","41.89641","-88.25119","228.3","2026-01-31","0.00",,"25","6"
